,Optimized Portfolio,Equal-Weight Benchmark
Expected Return,0.13706683228767835,0.12080729529556081
Volatility,0.1503822970750568,0.1443867711244245
Sharpe Ratio,0.780676324526084,0.7004821922021536
